# Author details.
jakub_klímek:
    name: Jakub Klímek
    email: jakub.klimek@mvcr.cz
    twitter: jakub_klimek
    web: https://jakub.klímek.com
michal_kubáň:
    name: Michal Kubáň
    email: michal.kuban@mvcr.cz
    twitter: kubanster
    web: http://twitter.com/kubanster
jakub_malina:
    name: Jakub Malina
    email: jakub.malina@mvcr.cz
martin_nečaský:
    name: Martin Nečaský
    email: martin.necasky@mvcr.cz
    twitter: MartinNecasky
martin_víta:
    name: Martin Víta
    email: info@martinvita.eu
    web: https://www.martinvita.eu/
robert_spál:
    name: Robert Spál
    email: robert.spal@mvcr.cz
martin_dvořák:
    name: Martin Dvořák
    email: martin.dvorak@mvcr.cz
jiří_marek:
    name: Jiří Marek
    email: jiri.marek@mvcr.cz
    twitter: JM_microblog
    web: https://www.linkedin.com/in/marekjiri/
michal_škop:
    name: Michal Škop
    web: https://www.skop.eu/
    email: michal.skop@kohovolit.eu
michal_med:
    name: Michal Med
    email: michal.med@mvcr.cz
miroslav_mráz:
    name: Miroslav Mráz
    email: mraz.b.miroslav@gmail.com
petr_křemen:
    name: Petr Křemen
    email: petr.kremen@mvcr.cz
jakub_míšek:
    name: Jakub Míšek
    email: jakub.misek@mvcr.cz
marie_vítová:
    name: Marie Vítová
    email: marie.vitova@mvcr.cz
radka_domanská:
    name: Radka Domanská
    email: radka.domanska@mvcr.cz
drahomír_chocholatý:
    name: Drahomír Chocholatý
    email: drahomir.chocholaty@mvcr.cz
petr_škoda:
    name: Petr Škoda
    email: petr.skoda1@mvcr.cz
lenka_kováčová:
    name: Lenka Kováčová
    email: lenka.kovacova@mvcr.cz
david_velner:
    name: David Velner
    email: david.velner@mvcr.z
david_havlík:
    name: David Havlík
    email: david.havlik@czechmatecz.com
